drive,read,readDay,write,writeDay
loop0,0.0,0.0,0.0,0.0
loop1,0.0,0.0,0.0,0.0
loop2,0.0,0.0,0.0,0.0
loop3,0.0,0.0,0.0,0.0
loop4,0.0,0.0,0.0,0.0
loop5,0.0,0.0,0.0,0.0
loop6,0.0,0.0,0.0,0.0
loop7,0.0,0.0,0.0,0.0
sda,11.26807,28.74836,12.18657,31.09174
dm-0,1.00043,2.5524,1.56765,3.99956
dm-1,1.64022,4.18472,0.53586,1.36715
dm-2,0.00388,0.00989,0.02562,0.06536
dm-3,2.84734,7.26446,10.05718,25.659
dm-4,2.84734,7.26446,10.05718,25.659
dm-5,0.0,0.0,0.0,0.0
sde,65.44677,166.97512,303.33551,773.9035
sdc,63.98648,163.24946,302.66038,772.18104
sdd,62.28516,158.90886,261.16775,666.32041
sdb,17.94781,45.79045,168.43588,429.73246
sdh,64.11355,163.57368,248.9355,635.11212
sdi,63.47945,161.95588,249.95446,637.71178
sdf,65.32566,166.66614,257.03622,655.77956
sdg,63.60594,162.27858,255.3802,651.55456
sdk,63.77873,162.71945,166.33413,424.37025
sdm,13.28771,33.90109,167.38487,427.05101
sdl,64.35237,164.18298,166.33131,424.36304
sdj,64.73327,165.15476,254.6104,649.59055
sdo,0.02379,0.06069,0.00013,0.00033
sdq,0.02174,0.05547,7e-05,0.00018
sdp,0.0216,0.05512,7e-05,0.00018
sdn,0.0388,0.09899,0.00421,0.01075
sds,0.03861,0.09851,0.00353,0.009
sdt,0.03896,0.0994,0.00349,0.0089
sdu,0.04215,0.10755,85.65355,218.52893
sdr,0.0395,0.10078,0.00353,0.009
dm-6,2.92248,7.45616,9.03081,23.04041
zd0,9.04825,23.08491,166.0542,423.65607
zd16,8.94216,22.81425,166.05361,423.65455
zd32,9.00865,22.98388,166.08216,423.7274
zd48,8.99096,22.93875,166.08835,423.74318
zd64,8.99229,22.94215,166.04312,423.62779
zd80,8.9755,22.89931,166.07024,423.69697
zd96,9.02683,23.03026,166.08549,423.73589
zd112,9.03485,23.05072,166.08303,423.72961
zd128,9.10515,23.23007,166.05572,423.65993
zd144,9.24337,23.58272,166.00118,423.5208
