drive,read,readDay,write,writeDay
loop0,0.0,0.0,0.0,0.0
loop1,0.0,0.0,0.0,0.0
loop2,0.0,0.0,0.0,0.0
loop3,0.0,0.0,0.0,0.0
loop4,0.0,0.0,0.0,0.0
loop5,0.0,0.0,0.0,0.0
loop6,0.0,0.0,0.0,0.0
loop7,0.0,0.0,0.0,0.0
sda,10.74988,32.51016,12.04325,36.4216
dm-0,1.00043,3.02553,1.56765,4.74094
dm-1,1.63973,4.95893,0.44794,1.35469
dm-2,0.00384,0.01161,0.02528,0.07646
dm-3,2.58799,7.82669,10.00211,30.24871
dm-4,2.58799,7.82669,10.00211,30.24871
dm-5,0.0,0.0,0.0,0.0
sde,19.19903,58.06235,243.95138,737.76599
sdc,18.62774,56.33464,243.82653,737.38842
sdd,18.14361,54.87053,202.77124,613.22764
sdb,8.17769,24.73124,110.24637,333.41079
sdh,18.74337,56.68434,190.07069,574.8182
sdi,18.49287,55.92677,191.0392,577.74721
sdf,19.29331,58.34749,197.96793,598.70131
sdg,18.4804,55.88906,196.62891,594.65179
sdk,18.89071,57.12994,107.47773,325.03778
sdm,8.76683,26.51295,108.65328,328.59292
sdl,18.57297,56.16899,107.41894,324.86
sdj,19.21367,58.10662,195.73524,591.94911
sdo,0.02379,0.07194,0.00013,0.00039
sdq,0.02174,0.06575,7e-05,0.00021
sdp,0.0216,0.06533,7e-05,0.00021
sdn,0.0388,0.11734,0.00421,0.01274
sds,0.03861,0.11677,0.00353,0.01066
sdt,0.03896,0.11783,0.00349,0.01055
sdu,0.04215,0.12748,85.65355,259.03636
sdr,0.0395,0.11947,0.00353,0.01066
dm-6,2.66313,8.05391,8.97623,27.14622
zd0,8.1826,24.74609,107.98258,326.56456
zd16,8.07783,24.42924,107.96881,326.52293
zd32,8.07388,24.41729,107.88991,326.2843
zd48,8.1058,24.51383,107.89592,326.30249
zd64,8.10673,24.51666,107.9229,326.38409
zd80,8.09208,24.47233,107.89097,326.28751
zd96,8.10682,24.51691,107.93848,326.43121
zd112,8.11602,24.54475,107.9581,326.49054
zd128,8.1824,24.7455,107.94907,326.46322
zd144,8.30507,25.11647,107.9333,326.41552
