drive,read,readDay,write,writeDay
loop0,0.0,0.0,0.0,0.0
loop1,0.0,0.0,0.0,0.0
loop2,0.0,0.0,0.0,0.0
loop3,0.0,0.0,0.0,0.0
loop4,0.0,0.0,0.0,0.0
loop5,0.0,0.0,0.0,0.0
loop6,0.0,0.0,0.0,0.0
loop7,0.0,0.0,0.0,0.0
sda,10.72266,32.70375,12.03561,36.70822
dm-0,1.00043,3.05127,1.56765,4.78128
dm-1,1.63842,4.99714,0.44372,1.35332
dm-2,0.00383,0.01168,0.02516,0.07673
dm-3,2.5738,7.84999,9.99883,30.49609
dm-4,2.5738,7.84999,9.99883,30.49609
dm-5,0.0,0.0,0.0,0.0
sde,13.0943,39.93717,239.20884,729.57894
sdc,12.87083,39.2556,239.05096,729.09741
sdd,12.47684,38.05394,197.92984,603.67939
sdb,6.82426,20.81375,105.44475,321.60296
sdh,12.90415,39.35723,185.27578,565.08492
sdi,12.71477,38.77962,186.33746,568.32302
sdf,13.26597,40.46076,193.18475,589.20702
sdg,12.71949,38.79402,191.82563,585.06174
sdk,13.08697,39.91481,102.71941,313.29076
sdm,7.23523,22.06721,103.72834,316.36796
sdl,12.74706,38.8781,102.68937,313.19913
sdj,13.33914,40.68393,190.96621,582.44054
sdo,0.02379,0.07256,0.00013,0.0004
sdq,0.02174,0.06631,7e-05,0.00021
sdp,0.0216,0.06589,7e-05,0.00021
sdn,0.0388,0.11834,0.00421,0.01285
sds,0.03861,0.11776,0.00353,0.01075
sdt,0.03896,0.11883,0.00349,0.01064
sdu,0.04215,0.12857,85.65355,261.24046
sdr,0.0395,0.12048,0.00353,0.01075
dm-6,2.64893,8.07915,8.97313,27.36775
zd0,6.93304,21.14555,103.1103,314.48298
zd16,6.82905,20.82838,103.1103,314.48298
zd32,6.82495,20.81587,103.1103,314.48298
zd48,6.85736,20.91473,103.1103,314.48298
zd64,6.85649,20.91206,103.1103,314.48298
zd80,6.84525,20.87778,103.1103,314.48298
zd96,6.85679,20.91297,103.1103,314.48298
zd112,6.86682,20.94356,103.1103,314.48298
zd128,6.93178,21.14168,103.1103,314.48298
zd144,7.0527,21.5105,103.1103,314.48298
