drive,read,readDay,write,writeDay
loop0,0.0,0.0,0.0,0.0
loop1,0.0,0.0,0.0,0.0
loop2,0.0,0.0,0.0,0.0
loop3,0.0,0.0,0.0,0.0
loop4,0.0,0.0,0.0,0.0
loop5,0.0,0.0,0.0,0.0
loop6,0.0,0.0,0.0,0.0
loop7,0.0,0.0,0.0,0.0
sda,2.3213,5.2605,0.7156,1.62168
dm-0,0.00824,0.01867,0.0,0.0
dm-1,0.42229,0.95698,0.7156,1.62168
dm-2,0.00138,0.00313,0.0,0.0
dm-3,0.0,0.0,0.0,0.0
dm-4,0.0,0.0,0.0,0.0
dm-5,0.0,0.0,0.0,0.0
sde,5.80203,13.14847,431.2278,977.24168
sdc,1.85231,4.19767,251.32849,569.5567
sdb,3.73765,8.4702,290.99651,659.45174
sdd,1.81155,4.1053,250.20816,567.01782
sdi,2.31118,5.23755,244.44625,553.96026
sdh,2.31582,5.24808,244.44353,553.95411
sdg,3.20708,7.26784,432.97401,981.19893
sdf,3.20564,7.26457,432.97401,981.19893
sdm,3.27035,7.41122,222.4464,504.10454
sdj,2.31068,5.23643,244.44196,553.95055
sdl,3.28382,7.44175,222.44727,504.10651
sdk,3.18537,7.21863,222.44704,504.10601
sdn,3.17337,7.19143,222.44398,504.09906
sdq,0.00883,0.02001,0.0,0.0
sdo,0.00883,0.02002,0.0,0.0
sdp,0.00869,0.0197,0.0,0.0
sds,0.99186,2.24774,125.44938,284.29142
sdu,0.8753,1.98359,118.26035,267.99976
sdt,2.61264,5.92073,175.09067,396.78773
sdr,2.49301,5.64963,175.08716,396.77977
dm-6,1.86903,4.23558,290.99651,659.45174
zd16,2.32741,5.27434,290.99651,659.45174
zd48,2.37682,5.38631,290.99651,659.45174
zd32,2.64151,5.98614,290.99651,659.45174
zd0,2.16222,4.89998,290.99651,659.45174
zd64,2.36599,5.36177,290.99651,659.45174
