drive,read,readDay,write,writeDay
loop0,0.0,0.0,0.0,0.0
loop1,0.0,0.0,0.0,0.0
loop2,0.0,0.0,0.0,0.0
loop3,0.0,0.0,0.0,0.0
loop4,0.0,0.0,0.0,0.0
loop5,0.0,0.0,0.0,0.0
loop6,0.0,0.0,0.0,0.0
loop7,0.0,0.0,0.0,0.0
sda,0.90119,6.04423,0.18631,1.2496
dm-0,0.00824,0.05526,0.0,0.0
dm-1,0.2346,1.57343,0.18631,1.2496
dm-2,0.00138,0.00926,0.0,0.0
dm-3,0.0,0.0,0.0,0.0
dm-4,0.0,0.0,0.0,0.0
dm-5,0.0,0.0,0.0,0.0
sde,0.97842,6.56223,121.36816,814.00955
sdc,0.18466,1.23852,60.67235,406.92612
sdb,0.84334,5.65622,101.48601,680.66101
sdd,0.21055,1.41216,59.47073,398.86689
sdi,0.37314,2.50264,63.83176,428.11605
sdh,0.37602,2.52193,63.83185,428.11667
sdg,0.55556,3.72611,122.30527,820.29465
sdf,0.5577,3.74049,122.30527,820.29465
sdm,0.54078,3.627,60.24802,404.08011
sdj,0.37532,2.51728,63.83132,428.11314
sdl,0.59482,3.98943,60.24808,404.08051
sdk,0.64122,4.30065,60.24762,404.07744
sdn,0.58661,3.93438,60.24681,404.07202
sdq,0.00883,0.05923,0.0,0.0
sdo,0.00883,0.05925,0.0,0.0
sdp,0.00869,0.0583,0.0,0.0
sds,0.17577,1.17888,34.06128,228.44711
sdu,0.15594,1.04588,30.99566,207.88617
sdt,0.4131,2.77067,45.10278,302.50182
sdr,0.39253,2.63266,45.10406,302.51046
dm-6,0.20715,1.38932,101.48601,680.66101
zd16,0.17616,1.18147,101.486,680.661
zd48,0.18319,1.22862,101.486,680.661
zd32,0.43976,2.94943,101.48601,680.66101
zd0,0.18427,1.23588,101.486,680.661
zd64,0.18815,1.26193,101.48601,680.66101
