drive,read,readDay,write,writeDay
loop0,0.0,0.0,0.0,0.0
loop1,0.0,0.0,0.0,0.0
loop2,0.0,0.0,0.0,0.0
loop3,0.0,0.0,0.0,0.0
loop4,0.0,0.0,0.0,0.0
loop5,0.0,0.0,0.0,0.0
loop6,0.0,0.0,0.0,0.0
loop7,0.0,0.0,0.0,0.0
sda,1.92138,5.54396,0.54184,1.56342
dm-0,0.00824,0.02377,0.0,0.0
dm-1,0.42178,1.21701,0.54184,1.56342
dm-2,0.00138,0.00398,0.0,0.0
dm-3,0.0,0.0,0.0,0.0
dm-4,0.0,0.0,0.0,0.0
dm-5,0.0,0.0,0.0,0.0
sde,1.36336,3.93385,161.65471,466.43781
sdc,0.65959,1.90318,81.99894,236.59939
sdb,2.12175,6.12208,122.05652,352.18135
sdd,0.66825,1.92817,80.80293,233.14841
sdi,0.57435,1.65723,87.29945,251.89347
sdh,0.57696,1.66476,87.29724,251.88708
sdg,0.82884,2.39153,164.44279,474.48251
sdf,0.81615,2.35492,164.44279,474.48251
sdm,0.7221,2.08355,82.38597,237.71613
sdj,0.57573,1.66122,87.29726,251.88715
sdl,0.77473,2.2354,82.38411,237.71075
sdk,0.82056,2.36764,82.38567,237.71525
sdn,0.76763,2.21491,82.38366,237.70946
sdq,0.00883,0.02548,0.0,0.0
sdo,0.00883,0.02549,0.0,0.0
sdp,0.00869,0.02508,0.0,0.0
sds,0.2767,0.79838,47.91652,138.25812
sdu,0.21544,0.62164,43.80428,126.39269
sdt,0.67111,1.93641,61.83875,178.42925
sdr,0.60743,1.75266,61.83913,178.43035
dm-6,0.65255,1.88286,122.05652,352.18135
zd16,0.71518,2.06358,122.05652,352.18134
zd48,0.78326,2.26003,122.05652,352.18134
zd32,1.04161,3.00546,122.05652,352.18135
zd0,0.70756,2.04159,122.05652,352.18134
zd64,0.75447,2.17694,122.05652,352.18135
