drive,read,readDay,write,writeDay
loop0,0.0,0.0,0.0,0.0
loop1,0.0,0.0,0.0,0.0
loop2,0.0,0.0,0.0,0.0
loop3,0.0,0.0,0.0,0.0
loop4,0.0,0.0,0.0,0.0
loop5,0.0,0.0,0.0,0.0
loop6,0.0,0.0,0.0,0.0
loop7,0.0,0.0,0.0,0.0
sda,2.21045,5.32697,0.67247,1.6206
dm-0,0.00824,0.01986,0.0,0.0
dm-1,0.42227,1.01764,0.67247,1.6206
dm-2,0.00138,0.00333,0.0,0.0
dm-3,0.0,0.0,0.0,0.0
dm-4,0.0,0.0,0.0,0.0
dm-5,0.0,0.0,0.0,0.0
sde,3.21707,7.75284,323.24145,778.98153
sdc,0.67933,1.63713,187.36896,451.5416
sdb,2.41257,5.81406,227.1336,547.37065
sdd,0.6882,1.65849,186.24733,448.83858
sdi,1.28724,3.10213,181.12937,436.50477
sdh,1.28936,3.10723,181.12701,436.49907
sdg,1.78242,4.29547,324.67346,782.43254
sdf,1.78831,4.30966,324.67346,782.43254
sdm,1.96722,4.74081,167.07849,402.64347
sdj,1.2873,3.10228,181.12659,436.49808
sdl,1.9914,4.79908,167.07881,402.64424
sdk,1.93611,4.66584,167.07878,402.64417
sdn,1.91247,4.60888,167.07724,402.64045
sdq,0.00883,0.02128,0.0,0.0
sdo,0.00883,0.02129,0.0,0.0
sdp,0.00869,0.02095,0.0,0.0
sds,0.56604,1.36409,92.81245,223.6693
sdu,0.50653,1.2207,85.74692,206.64202
sdt,1.45654,3.51012,131.34734,316.53474
sdr,1.39435,3.36026,131.34609,316.53174
dm-6,0.65479,1.57799,227.1336,547.37065
zd16,0.71897,1.73265,227.1336,547.37064
zd48,0.78729,1.8973,227.1336,547.37064
zd32,1.0476,2.52462,227.1336,547.37065
zd0,0.70948,1.70977,227.1336,547.37064
zd64,0.76063,1.83305,227.1336,547.37065
