drive,read,readDay,write,writeDay
loop0,0.0,0.0,0.0,0.0
loop1,0.0,0.0,0.0,0.0
loop2,0.0,0.0,0.0,0.0
loop3,0.0,0.0,0.0,0.0
loop4,0.0,0.0,0.0,0.0
loop5,0.0,0.0,0.0,0.0
loop6,0.0,0.0,0.0,0.0
loop7,0.0,0.0,0.0,0.0
sda,2.25929,5.29647,0.69522,1.6298
dm-0,0.00824,0.01932,0.0,0.0
dm-1,0.42229,0.98997,0.69522,1.6298
dm-2,0.00138,0.00324,0.0,0.0
dm-3,0.0,0.0,0.0,0.0
dm-4,0.0,0.0,0.0,0.0
dm-5,0.0,0.0,0.0,0.0
sde,5.19517,12.17907,378.55357,887.44629
sdc,1.84453,4.32414,223.20526,523.26196
sdb,3.666,8.59424,262.92431,616.37566
sdd,1.80288,4.22651,222.0841,520.63361
sdi,2.04967,4.80506,214.04125,501.77869
sdh,2.054,4.81522,214.0394,501.77435
sdg,2.88877,6.77218,379.5304,889.73628
sdf,2.88133,6.75472,379.5304,889.73628
sdm,2.85865,6.70157,194.68032,456.3907
sdj,2.05022,4.80635,214.03801,501.77109
sdl,2.87936,6.75011,194.6818,456.39417
sdk,2.78182,6.52144,194.68101,456.39231
sdn,2.76239,6.47588,194.67955,456.3889
sdq,0.00883,0.0207,0.0,0.0
sdo,0.00883,0.02071,0.0,0.0
sdp,0.00869,0.02038,0.0,0.0
sds,0.88145,2.06639,110.82487,259.80768
sdu,0.77648,1.82032,103.53251,242.71213
sdt,2.32202,5.44354,153.71897,360.36467
sdr,2.21498,5.19261,153.717,360.36005
dm-6,1.8594,4.35901,262.92431,616.37566
zd16,2.30748,5.40945,262.92431,616.37566
zd48,2.35473,5.5202,262.92431,616.37566
zd32,2.62695,6.15838,262.92431,616.37566
zd0,2.14631,5.0316,262.92431,616.37566
zd64,2.34682,5.50167,262.92431,616.37566
