drive,read,readDay,write,writeDay
loop0,0.0,0.0,0.0,0.0
loop1,0.0,0.0,0.0,0.0
loop2,0.0,0.0,0.0,0.0
loop3,0.0,0.0,0.0,0.0
loop4,0.0,0.0,0.0,0.0
loop5,0.0,0.0,0.0,0.0
loop6,0.0,0.0,0.0,0.0
loop7,0.0,0.0,0.0,0.0
sda,2.31251,5.26538,0.71339,1.62432
dm-0,0.00824,0.01876,0.0,0.0
dm-1,0.42229,0.96151,0.71339,1.62432
dm-2,0.00138,0.00314,0.0,0.0
dm-3,0.0,0.0,0.0,0.0
dm-4,0.0,0.0,0.0,0.0
dm-5,0.0,0.0,0.0,0.0
sde,5.74812,13.08794,426.006,969.97639
sdc,1.85145,4.21559,248.29418,565.34296
sdb,3.72873,8.48998,287.96874,655.67828
sdd,1.81094,4.12333,247.17367,562.79167
sdi,2.29473,5.22488,241.6382,550.18791
sdh,2.29877,5.23409,241.63542,550.18158
sdg,3.17991,7.24037,428.36111,975.33878
sdf,3.17685,7.23338,428.36111,975.33878
sdm,3.24073,7.37885,219.8869,500.66221
sdj,2.29446,5.22427,241.63422,550.17886
sdl,3.24536,7.38938,219.88774,500.66412
sdk,3.14662,7.16456,219.88747,500.66349
sdn,3.14354,7.15756,219.88461,500.65698
sdq,0.00883,0.02011,0.0,0.0
sdo,0.00883,0.02012,0.0,0.0
sdp,0.00869,0.01979,0.0,0.0
sds,0.98352,2.23939,123.94151,282.2034
sdu,0.86593,1.97165,117.10983,266.64828
sdt,2.58864,5.8941,173.01011,393.92807
sdr,2.46833,5.62015,173.00684,393.92062
dm-6,1.86891,4.25533,287.96874,655.67828
zd16,2.32733,5.29912,287.96874,655.67828
zd48,2.3767,5.41152,287.96874,655.67828
zd32,2.64126,6.01391,287.96874,655.67828
zd0,2.1622,4.92314,287.96874,655.67828
zd64,2.36599,5.38713,287.96874,655.67828
