drive,read,readDay,write,writeDay
loop0,0.0,0.0,0.0,0.0
loop1,0.0,0.0,0.0,0.0
loop2,0.0,0.0,0.0,0.0
loop3,0.0,0.0,0.0,0.0
loop4,0.0,0.0,0.0,0.0
loop5,0.0,0.0,0.0,0.0
loop6,0.0,0.0,0.0,0.0
loop7,0.0,0.0,0.0,0.0
sda,2.3174,5.26284,0.71442,1.62245
dm-0,0.00824,0.01871,0.0,0.0
dm-1,0.42229,0.95902,0.71442,1.62245
dm-2,0.00138,0.00314,0.0,0.0
dm-3,0.0,0.0,0.0,0.0
dm-4,0.0,0.0,0.0,0.0
dm-5,0.0,0.0,0.0,0.0
sde,5.76298,13.08781,427.44952,970.74408
sdc,1.85176,4.20537,249.31268,566.19273
sdb,3.73374,8.47937,288.98374,656.28627
sdd,1.811,4.1128,248.19218,563.64805
sdi,2.30125,5.22617,242.53604,550.80288
sdh,2.30542,5.23565,242.53322,550.79647
sdg,3.18695,7.23762,429.80392,976.09096
sdf,3.18458,7.23223,429.80392,976.09096
sdm,3.25055,7.38204,220.73965,501.30296
sdj,2.30085,5.22527,242.53175,550.79313
sdl,3.26303,7.41038,220.74052,501.30495
sdk,3.16478,7.18727,220.74042,501.3047
sdn,3.15383,7.16239,220.73743,501.29793
sdq,0.00883,0.02005,0.0,0.0
sdo,0.00883,0.02006,0.0,0.0
sdp,0.00869,0.01974,0.0,0.0
sds,0.98616,2.23959,124.52092,282.78882
sdu,0.8684,1.97214,117.38073,266.57335
sdt,2.59565,5.89477,173.68592,394.44326
sdr,2.47496,5.62068,173.68251,394.43551
dm-6,1.86903,4.2446,288.98374,656.28627
zd16,2.32733,5.2854,288.98373,656.28627
zd48,2.37682,5.39779,288.98373,656.28627
zd32,2.64126,5.99834,288.98374,656.28627
zd0,2.1622,4.9104,288.98373,656.28627
zd64,2.36599,5.37319,288.98374,656.28627
