drive,read,readDay,write,writeDay
loop0,0.0,0.0,0.0,0.0
loop1,0.0,0.0,0.0,0.0
loop2,0.0,0.0,0.0,0.0
loop3,0.0,0.0,0.0,0.0
loop4,0.0,0.0,0.0,0.0
loop5,0.0,0.0,0.0,0.0
loop6,0.0,0.0,0.0,0.0
loop7,0.0,0.0,0.0,0.0
sda,2.31984,5.26175,0.71514,1.62205
dm-0,0.00824,0.01869,0.0,0.0
dm-1,0.42229,0.95781,0.71514,1.62205
dm-2,0.00138,0.00313,0.0,0.0
dm-3,0.0,0.0,0.0,0.0
dm-4,0.0,0.0,0.0,0.0
dm-5,0.0,0.0,0.0,0.0
sde,5.78296,13.11665,429.22856,973.55728
sdc,1.85188,4.20035,250.32143,567.76803
sdb,3.73618,8.47424,289.99072,657.74415
sdd,1.81112,4.1079,249.20114,565.22703
sdi,2.30619,5.23079,243.41102,552.09413
sdh,2.31057,5.24074,243.4083,552.08797
sdg,3.19755,7.25254,431.213,978.0583
sdf,3.19625,7.24959,431.213,978.0583
sdm,3.25989,7.39394,221.46115,502.30841
sdj,2.30575,5.2298,243.4067,552.08434
sdl,3.27345,7.42469,221.46207,502.31049
sdk,3.17477,7.20087,221.46176,502.3098
sdn,3.16317,7.17455,221.45881,502.3031
sdq,0.00883,0.02003,0.0,0.0
sdo,0.00883,0.02004,0.0,0.0
sdp,0.00869,0.01972,0.0,0.0
sds,0.98932,2.24394,124.948,283.40154
sdu,0.87109,1.97577,117.6682,266.88981
sdt,2.60458,5.90759,174.29343,395.32468
sdr,2.48338,5.63269,174.29002,395.31692
dm-6,1.86903,4.23926,289.99072,657.74415
zd16,2.32734,5.27876,289.99072,657.74415
zd48,2.37682,5.391,289.99072,657.74415
zd32,2.64138,5.99107,289.99072,657.74415
zd0,2.16222,4.90424,289.99072,657.74415
zd64,2.36599,5.36643,289.99072,657.74415
