drive,read,readDay,write,writeDay
loop0,0.0,0.0,0.0,0.0
loop1,0.0,0.0,0.0,0.0
loop2,0.0,0.0,0.0,0.0
loop3,0.0,0.0,0.0,0.0
loop4,0.0,0.0,0.0,0.0
loop5,0.0,0.0,0.0,0.0
loop6,0.0,0.0,0.0,0.0
loop7,0.0,0.0,0.0,0.0
sda,0.72384,6.76265,0.13868,1.2956
dm-0,0.00824,0.07698,0.0,0.0
dm-1,0.2345,2.19084,0.13868,1.2956
dm-2,0.00138,0.0129,0.0,0.0
dm-3,0.0,0.0,0.0,0.0
dm-4,0.0,0.0,0.0,0.0
dm-5,0.0,0.0,0.0,0.0
sde,0.07172,0.67005,4.76883,44.55362
sdc,0.16196,1.51311,3.58526,33.49596
sdb,0.66319,6.19599,3.29342,30.76938
sdd,0.1891,1.76667,3.36212,31.41119
sdi,0.04415,0.41245,2.91406,27.22516
sdh,0.04526,0.42286,2.91439,27.22822
sdg,0.09109,0.85103,4.96684,46.40356
sdf,0.09413,0.8794,4.96684,46.40356
sdm,0.03921,0.36633,2.82558,26.39846
sdj,0.04515,0.42186,2.91406,27.22516
sdl,0.03941,0.36819,2.82504,26.39348
sdk,0.04079,0.38109,2.82561,26.39882
sdn,0.03958,0.36976,2.82475,26.3907
sdq,0.00883,0.0825,0.0,0.0
sdo,0.00883,0.08254,0.0,0.0
sdp,0.00869,0.08122,0.0,0.0
sds,0.03328,0.31088,1.80771,16.88885
sdu,0.03398,0.31751,1.69123,15.80063
sdt,0.04023,0.37589,2.10108,19.62974
sdr,0.04036,0.3771,2.1008,19.6271
dm-6,0.20425,1.90822,3.29342,30.76938
zd16,0.17152,1.60246,3.29342,30.76937
zd48,0.17868,1.66939,3.29342,30.76937
zd32,0.43417,4.05627,3.29342,30.76938
zd0,0.1787,1.66953,3.29342,30.76937
zd64,0.18267,1.7066,3.29342,30.76938
