drive,read,readDay,write,writeDay
loop0,0.0,0.0,0.0,0.0
loop1,0.0,0.0,0.0,0.0
loop2,0.0,0.0,0.0,0.0
loop3,0.0,0.0,0.0,0.0
loop4,0.0,0.0,0.0,0.0
loop5,0.0,0.0,0.0,0.0
loop6,0.0,0.0,0.0,0.0
loop7,0.0,0.0,0.0,0.0
sda,0.68589,6.91199,0.129,1.29997
dm-0,0.00824,0.08304,0.0,0.0
dm-1,0.23023,2.32016,0.129,1.29997
dm-2,0.00138,0.01392,0.0,0.0
dm-3,0.0,0.0,0.0,0.0
dm-4,0.0,0.0,0.0,0.0
dm-5,0.0,0.0,0.0,0.0
sde,0.02644,0.2664,0.00309,0.0311
sdc,0.01588,0.16002,0.0,4e-05
sdb,0.43263,4.35977,0.0,0.0
sdd,0.01948,0.19627,0.00195,0.01968
sdi,0.0244,0.24591,0.00312,0.03145
sdh,0.02539,0.25591,0.0032,0.03221
sdg,0.02564,0.25837,0.00513,0.05174
sdf,0.0266,0.26805,0.00513,0.05174
sdm,0.02401,0.24199,0.00377,0.03798
sdj,0.02442,0.24606,0.00315,0.03175
sdl,0.02401,0.24191,0.00377,0.03798
sdk,0.02493,0.25122,0.0038,0.03829
sdn,0.02419,0.24376,0.00352,0.03544
sdq,0.00883,0.08899,0.0,0.0
sdo,0.00883,0.08903,0.0,0.0
sdp,0.00869,0.08761,0.0,0.0
sds,0.02374,0.23922,0.00265,0.02668
sdu,0.02383,0.24014,0.00256,0.02576
sdt,0.02398,0.24168,0.00258,0.02599
sdr,0.02471,0.24906,0.00267,0.02691
dm-6,0.00762,0.07677,0.0,0.0
zd16,0.00192,0.01933,0.0,0.0
zd48,0.00192,0.01933,0.0,0.0
zd32,0.00192,0.01933,0.0,0.0
zd0,0.00192,0.01933,0.0,0.0
zd64,0.00192,0.01933,0.0,0.0
