drive,read,readDay,write,writeDay
loop0,0.0,0.0,0.0,0.0
loop1,0.0,0.0,0.0,0.0
loop2,0.0,0.0,0.0,0.0
loop3,0.0,0.0,0.0,0.0
loop4,0.0,0.0,0.0,0.0
loop5,0.0,0.0,0.0,0.0
loop6,0.0,0.0,0.0,0.0
loop7,0.0,0.0,0.0,0.0
sda,9.9997,35.91248,11.91982,42.80831
dm-0,1.00043,3.59289,1.56765,5.62999
dm-1,1.57528,5.65739,0.38098,1.36823
dm-2,0.00322,0.01156,0.02457,0.08823
dm-3,2.12358,7.62652,9.94636,35.72093
dm-4,2.12358,7.62652,9.94636,35.72093
dm-5,0.0,0.0,0.0,0.0
sde,10.39484,37.33155,239.19938,859.04996
sdc,10.20849,36.66231,239.04373,858.49095
sdd,9.83632,35.32571,197.9243,710.8165
sdb,4.20405,15.09825,105.44368,378.68571
sdh,10.23297,36.75024,185.26877,665.366
sdi,10.0749,36.18254,186.33032,669.17839
sdf,10.59076,38.03517,193.17639,693.76506
sdg,10.08238,36.20942,191.81855,688.88855
sdk,10.462,37.57276,102.71249,368.87703
sdm,4.61015,16.55669,103.72289,372.50574
sdl,10.07762,36.1923,102.68235,368.76881
sdj,10.67317,38.33113,190.95942,685.80313
sdo,0.02379,0.08544,0.00013,0.00047
sdq,0.02174,0.07808,7e-05,0.00025
sdp,0.0216,0.07758,7e-05,0.00025
sdn,0.0388,0.13935,0.00421,0.01513
sds,0.03861,0.13866,0.00353,0.01266
sdt,0.03896,0.13992,0.00349,0.01253
sdu,0.04215,0.15139,85.65355,307.61234
sdr,0.0395,0.14187,0.00353,0.01266
dm-6,2.19247,7.87395,8.92171,32.04102
zd0,4.32036,15.51597,103.10813,370.29795
zd16,4.21484,15.13697,103.10813,370.29795
zd32,4.21096,15.12304,103.10813,370.29795
zd48,4.24214,15.23502,103.10813,370.29795
zd64,4.2415,15.23273,103.10813,370.29795
zd80,4.23259,15.20072,103.10813,370.29795
zd96,4.24336,15.23942,103.10813,370.29795
zd112,4.25313,15.2745,103.10813,370.29795
zd128,4.31889,15.51067,103.10813,370.29795
zd144,4.43894,15.94182,103.10813,370.29795
