drive,read,readDay,write,writeDay
loop0,0.0,0.0,0.0,0.0
loop1,0.0,0.0,0.0,0.0
loop2,0.0,0.0,0.0,0.0
loop3,0.0,0.0,0.0,0.0
loop4,0.0,0.0,0.0,0.0
loop5,0.0,0.0,0.0,0.0
loop6,0.0,0.0,0.0,0.0
loop7,0.0,0.0,0.0,0.0
sda,7.98634,33.0414,11.16274,46.18293
dm-0,0.12587,0.52074,0.90987,3.76434
dm-1,1.0259,4.24438,0.32581,1.34794
dm-2,0.00263,0.01089,0.0241,0.0997
dm-3,1.68416,6.96778,9.90271,40.96988
dm-4,1.68416,6.96778,9.90271,40.96988
dm-5,0.0,0.0,0.0,0.0
sde,0.16418,0.67924,60.79969,251.543
sdc,0.17241,0.71328,58.38778,241.56433
sdd,0.22007,0.91049,11.04234,45.68483
sdb,0.47809,1.97795,7.32678,30.31266
sdh,0.1318,0.54529,9.35025,38.68424
sdi,0.14762,0.61076,9.30929,38.51478
sdf,0.12967,0.53646,10.47357,43.33171
sdg,0.16523,0.6836,9.45859,39.13249
sdk,0.1457,0.60278,5.16791,21.38091
sdm,0.0458,0.18949,5.15417,21.32406
sdl,0.04639,0.19191,5.16469,21.36757
sdj,0.12439,0.51463,10.88639,45.03962
sdo,0.02379,0.09842,0.00013,0.00054
sdq,0.02174,0.08994,7e-05,0.00029
sdp,0.0216,0.08938,7e-05,0.00029
sdn,0.0388,0.16053,0.00421,0.01743
sds,0.03861,0.15974,0.00353,0.01459
sdt,0.03896,0.16119,0.00349,0.01443
sdu,0.04215,0.1744,3.81317,15.77602
sdr,0.0395,0.16343,0.00353,0.01459
dm-6,1.74723,7.22869,8.87878,36.73365
zd0,0.02619,0.10837,5.12024,21.18366
zd16,0.02819,0.11662,5.12024,21.18366
zd32,0.02599,0.10751,5.12024,21.18366
zd48,0.02691,0.11134,5.12024,21.18366
zd64,0.02781,0.11507,5.12024,21.18366
zd80,0.0256,0.1059,5.12024,21.18366
zd96,0.02547,0.10538,5.12024,21.18366
zd112,0.02731,0.113,5.12024,21.18366
zd128,0.02526,0.10452,5.12024,21.18366
zd144,0.02512,0.10391,5.12024,21.18366
