drive,read,readDay,write,writeDay
loop0,0.0,0.0,0.0,0.0
loop1,0.0,0.0,0.0,0.0
loop2,0.0,0.0,0.0,0.0
loop3,0.0,0.0,0.0,0.0
loop4,0.0,0.0,0.0,0.0
loop5,0.0,0.0,0.0,0.0
loop6,0.0,0.0,0.0,0.0
loop7,0.0,0.0,0.0,0.0
sda,8.67475,35.03578,11.84155,47.82595
dm-0,0.47895,1.9344,1.56765,6.33146
dm-1,1.03761,4.19071,0.33234,1.34228
dm-2,0.00317,0.0128,0.02448,0.09888
dm-3,1.9877,8.02799,9.91681,40.05227
dm-4,1.9877,8.02799,9.91681,40.05227
dm-5,0.0,0.0,0.0,0.0
sde,0.19992,0.80744,70.52348,284.83201
sdc,0.20828,0.8412,68.12099,275.12877
sdd,0.25679,1.03713,20.96737,84.68354
sdb,0.48601,1.9629,12.30668,49.70454
sdh,0.17317,0.69942,18.88261,76.26357
sdi,0.18312,0.73959,18.67581,75.42835
sdf,0.1629,0.65792,20.03439,80.91539
sdg,0.19883,0.80304,19.29075,77.91197
sdk,0.18195,0.73485,10.18638,41.14101
sdm,0.05925,0.23929,10.16025,41.03547
sdl,0.08311,0.33567,10.18099,41.11924
sdj,0.15957,0.64446,20.22981,81.70466
sdo,0.02379,0.09608,0.00013,0.00053
sdq,0.02174,0.0878,7e-05,0.00028
sdp,0.0216,0.08725,7e-05,0.00028
sdn,0.0388,0.15671,0.00421,0.01701
sds,0.03861,0.15594,0.00353,0.01424
sdt,0.03896,0.15736,0.00349,0.01409
sdu,0.04215,0.17025,8.40411,33.94273
sdr,0.0395,0.15954,0.00353,0.01424
dm-6,2.0566,8.30626,8.89228,35.91435
zd0,0.03578,0.14452,10.09675,40.77899
zd16,0.03735,0.15084,10.09675,40.77899
zd32,0.03514,0.14194,10.09675,40.77899
zd48,0.03609,0.14578,10.09675,40.77899
zd64,0.03697,0.14931,10.09675,40.77899
zd80,0.03475,0.14036,10.09675,40.77899
zd96,0.03486,0.14078,10.09675,40.77899
zd112,0.03648,0.14735,10.09675,40.77899
zd128,0.03442,0.13903,10.09675,40.77899
zd144,0.03428,0.13844,10.09675,40.77899
